Company Name,Address,Contact Number,Average Ratings,Review
02 Space,"Unit 330, Milelong Building,  Amorsolo corner Rufino Streets, Makati City 1230 Metro Manila ",+63(2)3176677,5,Will definitely come back! Very conducive for productivity!  :D
1 Premiere Land Marketing Company,"2/F, A.B. Sandoval Building, Oranbo Drive corner Shaw Boulevard, Pasig City 1600  Metro Manila ",+63(2)86354011,0,
1010 Building,"1010 Mabini 1010 Building, Brgy 666, City of Manila 1000 Metro Manila ",+63(2)85249440,0,
13 Technologies,"Unit 3006, One Corporate Center,  Julia Vargas Avenue corner Merlaco Avenue,  Ortigas Business District, Pasig City 1605 Metro Manila ",+63(2)76211000,0,
Commercial Space For Lease,"1141 Del Monte Avenue, Paltok, Paltok, Quezon City 1105 Metro Manila ",+63(917)3742292,0,
47 East,"47 Esteban Abada Street, Quezon City 1100 Metro Manila ",+63(2)84260189,5,"Not just a place to co-work. It's also a land of opportunity, for new work, new projects, new connections, and new friends. :)"
500 Shaw Centrum,"Shaw Boulevard, Mandaluyong City 1550 Metro Manila ",+63(2)84704712,0,
8 Adriatico Tower,"Padre Faura Street corner J. Bocobo Street, Malate, City of Manila 1004 Metro Manila ",+63(2)76221854,0,
"828 Properties, Incorporated","Lakeside Evozone Road, Nuvali Estate, Santa Rosa City, Laguna ",+63(49)5084828,0,
A J S Cebu Development,"Wilson Square Building, 199 Wilson Street corner P. Guevarra, San Juan City 1500 Metro Manila ",+63(2)89111122,0,
Acceler8,"7/F, Finman Building, 131 Tordesillas Street, Salcedo Village, Makati City 1227 Metro Manila ",+63(2)79178118,5,Thank You guys for being remarkable. Your professionalism and being dedicated. Thumbs Up!
Ace Centerpoint,"Sergio Osmena Street, Koronadal City 9506 South Cotabato ",+63(083)2282355,0,
Acmi Office Systems Philippines,"AYSN Building,  N. Domingo Street, San Juan City 1500 Metro Manila ",+63(2)86540888,5,Provieds quality office furniture and equipment!
Adj Realty,"Room 2A, 45, Visayas Avenue, Project 6, Quezon City, Metro Manila ",+63(2)89203744,0,
Ag Santillan & Sons Inc.,"2520, P. Guevarra corner Blumentritt Streets, Santa Cruz, City of Manila 1001 Metro Manila ",+63(2)85215100,0,
"Agp Sales And Building Services, Incorporated","80, D Silang Street, Batangas City, Batangas ",+63(43)7234279,0,
Agustin Building,"28, F. Ortigas Jr. Road, Ortigas, Pasig City 1605 Metro Manila ",+63(2)86335484,0,
Aic Burgundy Empire Tower,"ADB Avenue, Ortigas Center, Pasig City 1600 Metro Manila ",,0,
Aic Development  Corporation,"AIC Center, 212, Escolta Street, City of Manila, Metro Manila ",+63(2)83537485,0,
Ajrc Marketing & Real Estate Services,"32 B, Sgt. Catolos, Pinagkaisahan, Quezon City 1111 Metro Manila ",+63(2)89350585 loc. 83,0,
Alchemy Business Center And Marketing Consultancy,"2/F, FBR Building, 317 Katipunan Avenue, Loyola Heights, Quezon City 1108 Metro Manila ",+63(2)76231001,0,
Almeda ,"Almeda Building, Makati City 1200 Metro Manila ",+63(2)88162067,0,
Alpap Ii Building,"Trade Street corner Investment Drive, Madrigal Business Park, Alabang , Muntinlupa City 1770 Metro Manila ",+63(2)88508090,0,
The City Club,"Ayala Avenue corner Malugay Street, Makati City 1200 Metro Manila ",+63(2)87370000,5,"The City Club has three floors that cater to all your business, lifestyle, and fitness requirements. Stay fit in our fully equipped, state-of-the-art athletic complex, including indoor tennis, basketball, squash and badminton courts. Find relaxation and rejuvenation at our total wellness spa or lushly landscaped pool and Jacuzzi areas. Nowhere else in Makati will you find all of these options in a single, exclusive club. Your center of activity and health await shape your future here."
Altisource Business Solutions,"4/F , Tower B Two E-Com Center,  Harbor Drive, MOA Complex, Pasay City 1300 Metro Manila ",+63(2)85305282,0,
Alveo Land Corporation,"Unit 5A 7th/F, Abreeza Corporate Center, J P Laurel Avenue, Davao City, Davao Del Sur ",+63(82)2851529,0,
"Amada Spring Properties, Incorporated","Felix-Amada Building, Gen E Aguinaldo Highway, Dasmarinas City, Cavite ",+63(46)4160449,0,
Amaia Land  Corporation,"Fairview Terraces, Quirino Highway Maligaya Drive, Novaliches, Quezon City 1118 Metro Manila ",+63(2)89313151,0,
Andrade Builders,"2/F, Parchouse 2 Condominium, 21 Edsa, Guadalupe, Makati City 1200 Metro Manila ",+63(2)88821374,0,
Melanny C. Angangan - Real Estate Broker,"B9 L6 Cleveland Street, Samantha Executive Homes, Matina Pangi, Davao City 8000 Davao Del Sur ",+63(82)3217612,0,
Anita Building,"1300 Quezon Avenue, Quezon City 1100 Metro Manila ",+63(2)83723534,0,
Ansa Ii,"1078 Chino Roces Avenue, Barangay Tejeros, Makati City 1204 Metro Manila ",,0,
Antel Global Corporate Center,"3 Julia Vargas, Ortigas Center, Pasig City 1605 Metro Manila ",+63(2)86376324,0,
Apartmentsforrentx,"Apartments for Rent X Building, 31st Street, 5th Avenue, Bonifacio Global City, Fort Bonifacio, Taguig City 1630 Metro Manila ",+63(912)3456789,5,
April & Jeffrey Apartment,"Lot 14, Blk 102 Ph1-B ,  Gate 1 , Karangalan Village , San Isidro , Cainta, Rizal ",+63(2)85719373,0,
Araneta University Village,"Marillo Street, Araneta Village, Potrero, Malabon City 1470 Metro Manila ",+63(2)83615264,0,
Araneta University Village,"Circumferential Road, Malabon City, Metro Manila ",+63(2)84230746,0,
Archidime Construction,"3/F Unit 2, Bausin and Samson Building 9007, EPZA Diversion Road, Kawit 4104 Cavite ",+63(46)2361110,0,
Aseana City,"Aseana Powerstation,  Bradco Avenue Corner Pres. Diosdado Macapagal Boul, Aseana City, Paranaque City, Metro Manila ",+63(2)88545711,5,Nice place and good ambiance.
Bonifacio One Technology Tower,"3030 Rizal Drive corner 31st Street, Bonifacio Global City, Taguig City 1634 Metro Manila ",+63(2)79083794,0,
Apmc,"2/F, Serendra Piazza,  Mckinley Parkway, Bonifacio Global City, Bonifacio Global City, Taguig City 1634 Metro Manila ",+63(2)88562231,5,Great service. two thumbs up!
Ayala Technohub,"Loakan Road, Camp John Hay, Baguio City 2600 Benguet ",+63(906)5563324,0,
Ayala Tower One,"Ayala Tower One, 6767 Ayala Avenue corner Paseo de Roxas, Makati City 1226 Metro Manila ",+63(2)891903,0,
Baclaran Lrt Group,"142, Capt Ambo Street, Pasay City, Metro Manila ",+63(2)84782795,0,
Balgos Barretto Realty Firm,"Balgos Barretto Realty Firm, Balgos Barretto Realty Firm, L7 B6, Delaware St., Metrovilla Centre Executive Village, Mapulang Lupa, Valenzuela City 1408 Metro Manila ",+63(917)8160250,0,
Banilad Town Centre,"Gov. Mariano Cuenco Avenue, Cebu City 6000 Cebu ",,0,
Beach Hub,"2/F, El Union Coffee,  MacArthur Highway, Barangay Urbiztondo, San Fernando City 2500 La Union ",+63(928)5546262,5,Wow this place looks like a great venue to get work done by beach! :)
Beatriz Tang Marketing ,"4 Santo Domingo Avenue, Quezon City 1100 Metro Manila ",+63(2)87409271,0,
Bellagio One Condominium Association Incorporation,"No.1 Forbestown Rd. Cor. Burgos Circle Forbestown , Brgy Fort Bonifacio, Taguig City 1634 Metro Manila ",+63(2)8560154,0,
Bellbart ,"300 4a, East Tower, Exchange Road, Ortigas Center, Pasig City 1600 Metro Manila ",+63(2)86340484,0,
Berthaphil Center,"Jose Abad Santos Avenue, Clark Freeport Zone, Angeles City 2009 Pampanga ",+63(45)4990695,0,
Big Four Properties,"Balibago Road, Santa Rosa City, Laguna ",+63(49)5343758,0,
Bitspace,"6/F, PDCP Bank Centre,  Rufino corner Leviste Streets, Salcedo Village, Makati City 1227 Metro Manila ",+63(2)88925462,5,
Bonanza Plaza Inc,"Km 23 Quirino Highway, Greater Lagro, Novaliches, Brgy Greater Lagro, Quezon City 1118 Metro Manila ",+63(2)34177185,0,
Bonifacio Stopover ,"Bonifacio Stopover,  31st Street Corner Rizal Drive, Bonifacio Global City, Taguig City, Metro Manila ",+63(2)88567833,0,
Boton Light And Science Park,"Argonaut Highway, Subic Bay Freeport Zone, Subic 2209 Zambales ",+63(47)2522423,0,
Brittany Corporation,"Lower Ground Floor, Building B, Evia Lifestyle Center, Daang Hari,  Vista Alabang, Las Pinas City, Metro Manila ",+63(917)8838013,0,
Brown Race Commercial,"Dacon Homes Subdivision Street, Cainta, Rizal ",+63(2)6568675,0,
Builders And Developers,"5/F, Ablaza Building, 117 E. Rodriguez Senior Avenue, Quezon City 1100 Metro Manila ",+63(2)87325151,0,
C.D Cruz Building,"1452 Taft Avenue, City of Manila 1000 Metro Manila ",+63(2)85246950,0,
C.S. Ramos Real Estate And Agricultural Development Corporation,"Carrieland Country Homes Street, Carrieland Cntry Hms Subd P2, San Mateo, Rizal ",+63(2)85702802,0,
California Garden Commercial Center Administration,"California Garden Square, D M Guevarra Street, Mandaluyong City, Metro Manila ",+63(2)86332126,0,
Calvo,"266, Escola Street, Brgy 291, City of Manila 1006 Metro Manila ",+63(2)82414762,0,
Canoga Park Development ,"Rm. 241, Midway Court, 241, EDSA, Mandaluyong City 1550  Metro Manila ",+63(02)87247781,0,
"Carmen Homes San Pedro, Incorporated","Mahogany Circle Street, Carmen Homes Subdivision, San Pedro City, Laguna ",+63(2)88473045,0,
Carrirag Development  Corporation,"821, Arlegui Street, City of Manila, Metro Manila ",+63(2)87352705,0,
Catalina Building,"9 New York Corner E Rodriguez Sr Catalina Building, Brgy Pinagkaisahan, Quezon City 1112 Metro Manila ",+63(2)86543914,0,
Cb Vitug Building,"559 Engracia C Reyes, Brgy 669, City of Manila 1000  Metro Manila ",+63(2)87080066,0,
Cebu ATG Realty Development,"Ouano Avenue, Mandaue Reclamation Area, Subangdaku, Mandaue City, Cebu ",+63(32)3507255,0,
Cebu Capitol Commercial Complex,"N Escario, Cebu City 6000 Cebu ",+63(32)2556386,0,
Cebu Exchange By Arthaland,"Cebu Exchange, Salinas Drive, Lahug, Cebu City 6000 Cebu ",+63(917)3019687,0,
Cebu Homes By Emie,"Blk 13 Lot 10, Villas Magallanes, Villalobos St., Villas Magallanes, Agus, Lapu-Lapu City 6015 Cebu ",+63(956)6303926,0,
Cebu Seat Leasing,"901, The Insular Life, Cebu Business Center,  Mindanao Avenue corner Biliran Road, Cebu City 6000 Cebu ",+63(032)2662311,0,
Cedar Executive Building 2,"26 Timog Cedar Executive Building 2, Brgy Laging Handa, Quezon City 1103 Metro Manila ",+63(2)83747852,0,
"Central Country Estate, Incorporated","Corporate House Building, 239, Col B Serrano Avenue, Quezon City, Metro Manila ",+63(2)87222723,0,
Centrum 2,"150 Valero Centrum 2 Salcedo Village, Brgy Bel-air, Makati City 1227 Metro Manila ",+63(2)83333131,0,
Ceo Building,"4 Edsa Ceo Building, Brgy Greenhills, San Juan City 1503 Metro Manila ",+63(2)87220731,0,
Ceo Suite Manila,"37 / F, LKG Tower, 6801 Ayala Avenue, Makati City, Metro Manila ",+63(906)4050419,5,Excellent serviced and assistance to clients need.
Ceo- Maintenance Section,"Ceo Building, Rizal Street, Tagum City, Davao Del Norte ",+63(84)2162035,0,
Cfpc  Corporation,"109A, C M Recto Street, Marikina City, Metro Manila ",+63(2)89483840,0,
Cherry Mae Cadayona (Independent Real Estate Broker),"Urban Deca Homes Condominium, Tipolo, Mandaue City, Cebu ",+63(32)5181485,0,
Chung Li Motors Company,"13 Innovative Corner Commitment Streets, Subic Bay Freeport Zone, Subic 2209 Zambales ",+63(47)2526018,0,
Chung Li Motors Company,"Rizal Avenue, Subic, Zambales ",+63(47)2526018,0,
Citibank Square,"1, Eastwood Citibank Square, Barangay Bagumbayan, Quezon City 1110 Metro Manila ",+63(2)89959999,0,
Citicentral,"498-A, Boni Avenue, Plainview, Mandaluyong City 1550 Metro Manila ",+63(02)77303040,0,
City Plaza,"439, Del Conde Street, Binondo, City of Manila 1010 Metro Manila ",+63(2)82450653,0,
Csi Spaces,"CSI Events Centre, President JP Laurel Highway, Purok 2, Sico, Lipa City 4217 Batangas ",+63(939)9104078,0,
Cityland,"720 Pablo Ocampo Street, Malate, City of Manila 1004 Metro Manila ",+63(2)85673333,0,
Cj7 Maniago Realty,"1723 South, Joya Loft and Towers Condominium, 28 Plaza Drive , Rockwell Center, Makati City, Makati City, Metro Manila ",+63(2)83709554,0,
Co.Lab,"Unit 301, 3/F, Three Brixton Building, 3 Brixton Street, Pasig City 1603 Metro Manila ",+63(2)86617616,5,Highly recommended. Nice place with a great community and a space focused on giving us the best experience.
Coca Cola Bottlers Philippines,"26F, Net Lima Building, 5th Ave Cor, 26th St. , Fort Bonifacio Global City, Taguig City, Metro Manila ",+63(2)84629301,0,
Columbia Tower,"Columbia Tower,  Ortigas Avenue, Barangay Wack-wack, Mandaluyong City 1550 Metro Manila ",+63(2)77445512,0,
Common Goal Tower,"Common Goal Tower,  Industry Street corner Finance Street, Madrigal Business Park, Ayala Alabang, Muntinlupa City 1770 Metro Manila ",+63(2)88427929,0,
Camella Communities,"2/F, Metrobi Building,  South Osmena Street, General Santos City, South Cotabato ",+63(83)5538877,0,
Camella Communities,"RM Marbel Building,  Rafael Alunan Avenue, Barangay Zone IV, Koronadal City 9506 South Cotabato ",+63(83)3100107,0,
Concepcion Grande Development,"Zone 7, St. Jude Church,  Concepcion Grande, Naga City 4400 Camarines Sur ",+63(54)4726566,0,
Constant Integrated Project Development Corporation,"Phase 1, Villena Street, Las Terrazas Subd., Maa, Davao City, Davao Del Sur ",+63(82)2275001,0,
Corporate Executive Offices,"12/F, Robinsons Summit Centre, No. 6783 Ayala Avenue, Makati City, Metro Manila ",+63(2)84791888,5,"Putting up an office is one of the basic requirements for a business. You have to take care of all the specs and details like the rental, costing, facilities, equipments and support staff. With CEO's 26 years of experience in the industry, availing of their services will save you a lot of headache."
"COTOHA REAL ESTATE PHILIPPINES, INC.","26/F, Twenty-Four-Seven Mckinley Building, 24th Street corner 7th Avenue, Fort Bonifacio, Taguig City 1630 Metro Manila ",+63(917)1866578,0,
Cpi Outsourcing,"4/F, One Corporate Center,  Julia Vargas Avenue corner Merlaco Avenue , Ortigas Business District, Pasig City 1605 Metro Manila ",+63(2)86318401,0,
Creatives Asia Company,"19/F, Times Plaza,  United Nations Avenue corner Taft Avenue, Ermita, City of Manila 1000 Metro Manila ",+63(2)77597100,0,
Cynthia-Marie,"New York Street Corner E Rodriguez, Quezon City 1100 Metro Manila ",+63(2)87210821,0,
Czark Mak Corporation,"Polaris Center, 48, Polaris, Poblacion, Makati City 1209 Metro Manila ",+63(2)89909892,0,
D.H.C. Building,"DHC Building, 1115 EDSA, Quezon City 1100 Metro Manila ",+63(2)88266654,0,
D`partner Philland Properties Co.,"Block 1, Lot 21, Sta. Rita Street , Addas Village 2A, Bacoor City, Cavite ",+63(46)4771763,0,
Dagupan Commercial o,"Mc Arthur Hwy, Dagupan City 2400 Pangasinan ",+63(75)5155912,0,
"Damosa Land, Inc","ANFLOCOR Corporate Center Damosa Building, Davao-Agusan Highway, Davao City, Davao Del Sur ",+63(82)2340539,0,
Davao Property & Realty,"824, Sto. Rosario, Buhangin, Davao City, Davao Del Sur ",+63(929)4054988,0,
De Guzman Development,"Sky Freight Building, Paranaque City 1700 Metro Manila ",+63(2)88330569,0,
Dela Casa,"Unit C, Facility Center Building, 548 Shaw Boulevard, Mandaluyong City 1550 Metro Manila ",+63(2)85311361,0,
Deux Marias Commercial Building,"8728, Junction Road, Los Banos, Laguna ",+63(49)5361903,0,
Dimaano Property Holdings Corporation,"Dimaano Building, 31, M H Del Pilar Street, Batangas City, Batangas ",+63(43)7723016,0,
Diseno Lindo,"4th Floor, One Legacy Place Building,  Don Jesus Boulevard, Alabang Hills, Muntinlupa City, Metro Manila ",+63(2)87723644,0,
Dmci Holdings,"Good Sheperd, Banawa, Cebu City 6000 Cebu ",+63(917)3019687,0,
Don Jose Building,"361 Barbosa, City of Manila 1000 Metro Manila ",+63(2)87349353,0,
Dona Nicasia Realty,"Manila Banking Corporation Building, Makati City 1200 Metro Manila ",+63(2)88101034,0,
Downtown Center Building Administration,"516 Quintin Paredes Street, City of Manila 1000 Metro Manila ",+63(2)494951,0,
Doyen Diamond,"Unit E, Santos Commercial Building, 4900 Balibago National Hi-way, Santa Rosa City 4026 Laguna ",+63(932)8685045,0,
Dulalia Homes,"T. Santiago Street, Malanday , Valenzuela City, Metro Manila ",+63(2)4552088,0,
E-Commerce Plaza,"1 Garden Road, Eastwood Cyberpak, Bagumbayan, Libis, Quezon City 1100 Metro Manila ",+63(2)7092915,0,
Earthclean,"Inicbulan Road, Bauan 4200 Batangas ",+63(043)7066058,0,
Eb Building Lessor,"79 Dona Hemady, Quezon City 1100 Metro Manila ",+63(2)87226901,0,
Eco Plaza,"2305 Chino Roces Avenue, Makati City 1231 Metro Manila ",,0,
Ecoplaza,"2305 Don Chino Roces Avenue, Makati City 1231 Metro Manila ",+63(2)88561562,0,
Edexpro Technologies,"3/F, Gomega Building, 16 Jose Tiosejo Street, Daang Bangkal, Mandaluyong City 1501 Metro Manila ",+63(2)85311324,0,
Edsa Grand Residences,"EDSA Corner Corregidor Street, Quezon City, Metro Manila ",+63(2)34558806,0,
Elegant Homes,"Block 20 Lot 7, Teresa Park Homes, Teresa Park Avenue,  Pilar Village, Las Pinas City 1750 Metro Manila ",+63(905)2826268,0,
Elena V.,"1038 J.Nakpil Street Cor. Benitez, Malate, City of Manila 1004 Metro Manila ",+63(2)85258758,0,
Elvie Perfecto - Dmci Broker,"Caloocan City, Metro Manila ",+63(932)6113542,0,
Emerald Circle Property Management,"Emerald Circle Avenida Building, 464 Rizal Avenue, Sta. Cruz, City of Manila 1000 Metro Manila ",+63(2)87348388,0,
"Empire East Communities, Incorporated","The World Center, 330, Sen Gil Puyat Avenue, Makati City, Metro Manila ",+63(2)88489004,0,
"Empire East Communities, Incorporated","Gilmore Heights Condominium, Granada Street , Quezon City, Metro Manila ",+63(2)85310308,0,
Engarland Development Corporation,"Kalayaan Plaza Building, 89A, Kalayaan Avenue, Barangay Diliman, Quezon City, Metro Manila ",+63(2)89251421,0,
Epic Property Leasing,"Balagtas Street, Batangas City, Batangas ",+63(43)7027760,0,
Evans Realty And Development,"Ayala Avenue, Makati City 1200 Metro Manila ",+63(2)88184387,0,
Evekal Building Administration,"Pasay Road, Makati City 1200 Metro Manila ",+63(2)88181474,0,
F R Estuar And Association Development Management Company,"Estuar Building, Quezon City 1100 Metro Manila ",+63(2)83723878,0,
Far East Managers And Investors,"Trb Building, City of Manila, Metro Manila ",+63(2)85280374,0,
Fastbyte,"N. Bridgeway, Northgate Cyberzone, Filinvest, Alabang, Muntinlupa City 1781 Metro Manila ",,0,
Federal Tower Condominium Corporation,"Dasmarinas Street, Binondo, City of Manila 1010 Metro Manila ",+63(2)82422184,0,
Fianchetto Realty Development,"Unit 1, Villa Felicidad, 117 14th Avenue, Cubao, Quezon City 1109 Metro Manila ",+63(2)89215243,0,
Financial Building,"Triboa Bay Lower Cubi, Subic Bay Freeport Zone, Subic 2209 Zambales ",+63(47)2527211,0,
First Lucky Place,"2259 Chino Roces Avenue, Makati City 1231 Metro Manila ",+63(2)88186270,0,
First Marcel Tower Condominium  Corporation,"First Marcel Tower, 926, G Araneta Avenue, Quezon City, Metro Manila ",+63(2)87423843,0,
First United Building Corporation,"Rm 309 First United Bldg 413 Escolta Binondo Manil, Brgy 291, City of Manila 1006 Metro Manila ",+63(2)82417005,0,
First United Building,"413 Escolta Street, City of Manila 1000 Metro Manila ",+63(2)82410243,5,Good ambiance.. And nice place.
Fisher Rosemount Systems,"Sapphier corner Garnet Roads,  Ortigas Center, Pasig City, Metro Manila ",+63(2)87021000,0,
Flyspaces,"28th Floor, World Plaza Building, 5th Ave, BGC, Taguig City 1229 Metro Manila ",+63(2)83593225,0,
Fmsg Building Administration,"9 Balete Drive, Quezon City 1100 Metro Manila ",+63(2)87273886,0,
Rentcentralph,"block 3 6c, camia st., pembo, Makati City, Metro Manila ",+63(917)3000467,0,
"Forbestown Center, Incorporated","Forbes Town Center, Padre Burgos Circle Street, Bonifacio Global City, Taguig City, Metro Manila ",+63(2)85110044,0,
Fort Entertainment Center Admin Office,"The Fort Entertainment Center,  31st Street, Bonifacio Global City, Taguig City 1634 Metro Manila ",+63(2)88560522,0,
Fort Legend Towers Corporation,"3rd Avenue corner 31st Street, Bonifacio Global City, Taguig City 1634 Metro Manila ",+63(2)84032811,0,
Foxchit Business Systems,"201-203, 2/F, Panorama Building, 480 Rizal Avenue Extension, Caloocan City 1400 Metro Manila ",+63(2)83670563,0,
Fr Estuar And Association Development Management Company,"Penthouse Estuar Building, 41 Timog Avenue, Quezon City 1100 Metro Manila ",+63(2)83732067,0,
Framel Building Administration,"676 EDSA, Quezon City 1100 Metro Manila ",+63(2)89123464,0,
Franzon Commercial,"Taft Avenue Taft Centrale Exchange, Brgy 38 Zone 5, Pasay City 1304 Metro Manila ",+63(2)34915653,0,
Full Suite,"Optima Building,  Salcedo Street, Makati City 1229 Metro Manila ",+63(2)77595000,0,
City Soho Mall,"B. Rodriguez Street, Barangay Guadalupe, Cebu City 6000 Cebu ",+63(32)4121777,0,
"Gasanco, Incorporated","3270, Merville Access Road, Paranaque City, Metro Manila ",+63(2)88043211,0,
Gateway Tower,"General Roxas Avenue corner General Aguinaldo Aven, Araneta Center, Cubao, Quezon City 1109 Metro Manila ",+63(2)89113101,0,
Gearbulk Management Limited - Rohq,"19/F, Times Plaza,  United Nations Avenue corner Taft Avenue, Ermita, City of Manila 1000 Metro Manila ",+63(2)79178900,0,
Myproperty.Ph,"32/F, BPI-Philam Life Building, 6811 Ayala Avenue, Makati City 1226 Metro Manila ",+63(2)88800650,1,
Gio's Commercial,"Gen A Luna, Laoag City 2900 Ilocos Norte ",+63(77)7711549,0,
Giron Santiago Realty,"LG62, CITILAND 9 DELA ROSA COR PIO DEL PILAR, LG62 cityland 9 dela rosa makati city, DELA ROSA PIO DEL PILAR, MAKATI CITY, PIO DELPILAR, Makati City 1229 Metro Manila ",+63(02)85567468,0,
Global One Center,"Lot 5 Block 2 E-commerce Road, Eastwood City , Cyberpark Bagumbayan, Quezon City 1110 Metro Manila ",+63(2)8470023,0,
Global Terminals And Development,"Building 12,  P. Riviera Pier, Subic Bay Freeport Zone, Subic 2209 Zambales ",+63(47)2527064,0,
Gmc Real Estate Ventures,"Singapore Street, Balongis, Balulang, Cagayan De Oro City 9000 Misamis Oriental ",+63(88)8812831,0,
Jaime Natividad Gatcheco,"GMI'S PLACE, 49 MacArthur Highway, SAOG, Marilao, Bulacan ",+63(44)2338060,0,
Golden Sphere Realty,"Unit 305-306, Coherco Financial Tower, Madrigal Business Park, Ayala Alabang, Muntinlupa City 1780 Metro Manila ",+63(917)7091145,0,
Goldrich Mansion,"4700 Cuangco Cor Pres S Osmena Hwy, Brgy Pio Del Pilar, Makati City 1230  Metro Manila ",+63(2)77282985,0,
Gomega Realty Development  Corporation,"Gomega Building, 235, J Tiosejo Street, Mandaluyong City, Metro Manila ",+63(2)85336720,0,
Greenfield Development ,"Sta Rosa-Tagaytay Road, Santa Rosa City, Laguna ",+63(2)85525074,0,
Greenfield District,"Mayflower corner United Streets, Mandaluyong City 1550 Metro Manila ",+63(906)4261469,5,Greenfield's newest dining strip...awesome
Greenhills Mansion,"37 Annapolis Greenhills Mansion, Brgy Greenhills, San Juan City 1503  Metro Manila ",+63(2)87212232,0,
Greenhills Town Center,"Granada Street, Valencia, Quezon City 1100 Metro Manila ",,0,
Grey Property,"Unit 114, Bldg 20,  Hernan Cortes, Urban Deca Homes, Kasambagan, Cebu City 6000 Cebu ",+63(32)5163603,0,
Gt Tower International,"6813 Ayala Avenue corner H.V. dela Costa Street, Makati City 1227 Metro Manila ",+63(2)77533892,0,
Gvc ,"18 Efficiency Avenue, Subic Bay Freeport Zone, Subic 2209 Zambales ",+63(47)2523020,0,
Hacone Development ,"SHC Tower,  Elcano Street, Binondo, City of Manila 1006 Metro Manila ",+63(2)82415401,0,
Harbour Square,"Pedro Bukaneg Street, CCP Complex, Malate, City of Manila 1004 Metro Manila ",,0,
Heemand Development And Consulting,"Lot 2 & 3 Cbd Area, Subic Bay Freeport Zone, Subic 2209 Zambales ",+63(47)2525411,0,
Hobbies Of Asia,"Hobbies of Asia, Incorporated Building, 8, Pres. Diosdado Macapagal Boulevard, Pasay City, Metro Manila ",+63(2)85565268,0,
Holiday Plaza Administration,"Holiday Plaza Building, Pasay City 1300 Metro Manila ",+63(2)88315441,0,
HomebuildersPH Construction Incorporated,"2/F, D'Champ Building, McArthur Highway, San Fernando City, Pampanga ",+63(920)9545068,0,
Davao Property Finder,"Door 10, Elena Arcade,  Gov. Duterte Street, Davao City 8000 Davao Del Sur ",+63(082)2846044,0,
House And Lot Area Cebu,"Don Pedro Cui. St. , Cebu City, Cebu City, Cebu ",+63(32)511 856,0,
Housing And Land Management Task Force (H&lmtf) Office,"Pettit Barracks Road, Zamboanga City, Zamboanga Del Sur ",+63(62)9922572,0,
"Hub 105 Ventures, Incorporated","Q Plaza Commercial Complex, Felix Avenue, Barangay San Isidro, Cainta, Rizal ",+63(2)86319828,0,
I Square Condominium,"15, Meralco Avenue, Ortigas Center, Barangay San Antonio, Pasig City 1600 Metro Manila ",+63(2)86549685,0,
I-Square Building,"15 Meralco Avenue, Pasig City 1605 Metro Manila ",+63(2)86549685,0,
Iacademy,"H.V. Dela Costa Street, Salcedo Village, Makati City 1200 Metro Manila ",,5,visit the new iACADEMY Plaza!!!
Imall Leasing Corporation,"Imall Leasing Building, Jose Yulo Sr Boulevard, Calamba City, Laguna ",+63(49)5083798,0,
Impact Hub Manila,"5/F, Green Sun, 2285 Chino Roces Avenue Extension, Makati City 1231 Metro Manila ",+63(915)4310454,5,They have been a great partner and supporter to our activities. Great joB! :)
Instyle Homes Ph,"L91, Tee Compound, Tee Compound, Brgy. Nueva, San Pedro City, Laguna ",+63(999)8811937,0,
Facilities Management,"2nd Floor  Paolo Building  Aguinaldo Highway Near , Paolo Building, 2nd Floor  Paolo Building  Aguinaldo Highway Near  Emilio Aguinaldo Highway, Cavite City, Cavite City, Imus City, Cavite ",+63(46)4589654,5,
Inventures Group,"Unit 3401, One Corporate Center,  Julia Vargas Avenue corner Merlaco Avenue, Ortigas Business District, Pasig City 1605 Metro Manila ",+63(2)86545890,0,
Invest And Own Realty  Corporation,"San Beda Homes, Las Pinas City, Metro Manila ",+63(2)85190524,0,
Isabel Building Administration,"Isabel Building, City of Manila, Metro Manila ",+63(2)87310711,0,
J And T Realty  Corporation,"J And T Building, 3894, R.  Magsaysay Boulevard, City of Manila, Metro Manila ",+63(2)87136150,0,
J D L C Development ,"188 Acacia Street, Pinagbuhatan, Pasig City 1602 Metro Manila ",+63(2)86811505,0,
"J L De Leon Investment, Incorporated","Vicente Madrigal Building, 6793, Ayala Avenue, Makati City, Metro Manila ",+63(2)88103826,0,
Jaka 6780,"Jaka 6780, 6780 Ayala Avenue, Makati City 1200 Metro Manila ",+63(2)88101701,0,
Jct Ez Loan Corporation,"11 2nd Floor, Congressional Town Center, 23, Congressional Ave., Bahay Toro, Quezon City 1103  Metro Manila ",+63(2)82949708,0,
Johndorf Ventures,"14/F, Ayala Life - FGU Center, Biliran Road corner Mindanao Avenue, Cebu Business Park , Cebu City 6000 Cebu ",+63(32)2310636,0,
Jomee Real Estate Co i,"La Fuerza Plaza 2, Sabio Street, Makati City, Metro Manila ",+63(2)84787442,0,
Jose Building,"361 Barbosa, City of Manila 1000 Metro Manila ",+63(2)87354726,0,
Jv Future Properties Realty,"10 Lopez Jaena Street, Aurora Hill, Baguio City 2600 Benguet ",+63(74)4240631,0,
"Rice Supplier,Dealer,Distributor & Wholesaler","Unit 503 East Summit Residence Ortigas Ave Extenti,  brookside subd, san juan, Cainta 1900 Rizal ",+63(02)86336904,0,
Ket Com 2,"1, New Lucban Rd, Baguio City 2600 Benguet ",+63(74)3005185,0,
Dominic Lorico,"12, Icon Residences,  De Jesus Circle, 26th Street, Bonifacio Global City, Fort Bonifacio, Taguig City 1634 Metro Manila ",+63(2)89842747,0,
King's Court Building,"King's Court Building, Makati City 1200 Metro Manila ",+63(2)88439622,0,
Kings City,"Kings City, Ground Level RCS Building, Dona Soledad Avenue, Better Living, Paranaque City 1700  Metro Manila ",+63(2)86964490,0,
Kisad Peak Residences,"22, Kisad Road, Baguio City, Benguet ",+63(74)4222940,0,
Kmtc Philippines  Corporation,"One Serendra East Tower,  Mckinley Parkway Avenue, Taguig City, Metro Manila ",+63(2)88470951,0,
Kmtc Philippines,"9/F, Times Plaza,  United Nations Avenue corner Taft Avenue, Ermita, City of Manila 1000 Metro Manila ",+63(2)83540940,0,
Konem Realty,"25D, Zeta II, 191, 191 Salcedo, Legaspi, San Lorenzo, Makati City 1229 Metro Manila ",+63(2)85603038,0,
Ksa Realty,"5/F, Shangri-La Plaza,  EDSA corner Shaw Boulevard, Mandaluyong City 1550 Metro Manila ",+63(2)86337851,0,
Laguna Central,"Don Jose, Santa Rosa City 4026 Laguna ",,0,
Laguna Lands & Estate Development Corporation,"2/F, Paseo De Commercio Building, Villa Remedios Halang, Calamba City 4027 Laguna ",+63(49)5451683,0,
Lamudi Philippines,"Room 902, Rufino Tower Building, 6784, Ayala Avenue corner V.A. Rufino Street, Makati City, Metro Manila ",+63(2)8940679,0,
Lanang Quadrangle Commercial Complex,"Lanang Quadrangle, Davao-Agusan Highway, Davao City, Davao Del Sur ",+63(82)2358749,0,
Lanao Builder And Enterprises,"10Th East Street, Iligan City, Lanao Del Norte ",+63(63)2210482,0,
The Avenue Residences,"3/F, Romari Building, 351 Quirino Highway, Sangandaan, Quezon City, Metro Manila ",+63(2)84428665,0,
Landmark 88 Enterprises,"A Regidor Street, Santa Cruz, Laguna ",+63(49)5015257,0,
Landmovers Development Inc,"M H Del Pilar, Tarlac City, Tarlac ",+63(45)9824355,0,
Landtraders World Properties Corporation,"Pres J Laurel Street, Villa Aurora Subdivision, Cebu City, Cebu ",+63(32)2606622,0,
Landtraders World,"G/F, J. Kyle Building,  Gen. Maxilom Avenue Extension corner De Veyra Aven, North Reclamation Area, Cebu City 6000 Cebu ",+63(32)5116701,0,
Laoag City Commercial Complex-Handpunch,"Laoag City Supermarket, J P Rizal Street, Laoag City, Ilocos Norte ",+63(77)7705145,0,
"Lapanday Properties Philippines, Incorporated","Lapanday Center, 2263, Pasong Tamo Extension Street, Makati City, Metro Manila ",+63(2)85532031,0,
Lapiramanuel  Corporation,"Festival Super Mall, Corporate Avenue, Muntinlupa City, Metro Manila ",+63(2)85516048,0,
Lauan Development  Corporation,"San Bernardo Street, Pasig City, Metro Manila ",+63(2)86409666,0,
Lauan Development Corporation,"Alegria Building, 2229, Chino Roces Avenue, Makati City, Metro Manila ",+63(2)88435378,0,
Lauchanco Development Corporation,"333, V Rama Av, Cebu City 6000 Cebu ",+63(32)2538026,0,
Le Grand Homes Realty,"Santa Maria - Tungkong Mangga Road Tungkong Mangga , San Jose Del Monte City, Bulacan ",+63(929)2342322,0,
Lease Manila,"One Global Place Level 10-1, 25th St. 5th Avenue, Bonifacio Global City (BGC), Taguig City 1634 Metro Manila ",+63(2)2163939,5,"They are the best agents to contact if you are looking for properties in BGC, Makati... or Metro Manila. 5 Stars is not enough"
"Leechiu Property Consultants, Inc.","2/F Makati Shangri-La Retail Arcade, Ayala Avenue, Makati City, Metro Manila ",+63(2)88888111,0,
"Legacy Real Properties, Incorporated .","Xavier Hills Condo Tower 4, 32, N Domingo Street, Quezon City, Metro Manila ",+63(2)87258300,0,
Leon J L De Investments,"One Corporate Plaza, Makati City 1200 Metro Manila ",+63(2)88170668,0,
Leviev Properties,"Fss Realty Building 2, Quezon City 1100 Metro Manila ",+63(2)89219201,0,
"Lica Management, Incorporated","Shaw Zentrum, 500, Shaw Boulevard, Mandaluyong City, Metro Manila ",+63(2)86540500,0,
Lkg Tower,"Lkg Tower, 6801 Ayala Avenue, Makati City 1200 Metro Manila ",+63(2)88841195,0,
Loc&stor 24/7,"54, E Rodriguez Jr Avenue, C5, Bagong Ilog, Pasig City, Metro Manila ",+63(2)85702561,5,World class warehouse facility
Lotus Tower,"Davila Street corner Chino Roces Avenue, Barangay Sta. Cruz, Makati City 1205 Metro Manila ",,0,
Lumina Homes,"Maslog Road, Barangay 61, Legazpi City, Albay ",+63(917)8350090,0,
Ma Theresa Commercial Manufacturing Of Lenses,"631 Ronquillo Street, Quiapo, City of Manila 1000 Metro Manila ",+63(2)87330144,0,
Makati Development  Corporation,"Amaia Skies,  V Mapa Street, City of Manila, Metro Manila ",+63(2)87131164,0,
Mandani Bay,"Mandani Bay Show Gallery, F.E. Zuellig Avenue, Mandaue City 6014 Cebu ",+63(32)2626888,0,
Worldwideorate Center,"Shaw Boulevard Corner EDSA, Mandaluyong City 1550 Metro Manila ",+63(2)85329611,5,Memorable place for us...awesome!!!
Mapfre Insular ,"8F, Mapfre Insular Corporate Center,  Acacia Avenue, Madrigal Business Park, Ayala Alabang, Muntinlupa City 1770 Metro Manila ",+63(2)88764444,0,
Marajo Tower,"312 26th Street corner 4th Avenue, Bonifacio Global City, Taguig City 1634 Metro Manila ",+63(2)88567175,0,
Marc 2000 Tower,"1973 Taft Avenue corner San Andres Street, Malate, City of Manila 1004 Metro Manila ",+63(2)85599370,0,
Marian Grace Wang Real Estate,"Oyg Bldg, San Fernando City 2000 Pampanga ",+63(45)9633901,0,
Internet Office Station,"3/F, Power Realty Bldg, 1012 Arnaiz Avenue, San Lorenzo Vill, Makati, Makati City 1420 Metro Manila ",+63(2)88441838,0,
Marimo Serviced Office,"26th Floor, Twenty - Four Seven McKinley, 24th Street  corner 7th Avenue, Bonifacio Global City, Taguig City 1634 Metro Manila ",+63(2)88644100,0,
Cebubai.com,"Door 6, Josefa Arcade, General Maxilom Avenue, Zapatera, Cebu City 6000 Cebu ",+63(917)7965825,0,
Mc2 Building,"177 Congressional Avenue, Barangay Bahay Toro, Project 8, Quezon City 1106 Metro Manila ",+63(2)34551267,0,
Medalla Building,"1 Gen Mcarthur Avenue, Quezon City 1100 Metro Manila ",+63(2)89212601,0,
Megacentral Cebu,"S.B Cabahug Street, Mandaue City 6014 Cebu ",+63(32)2361753,0,
Eastwood City,"1880 Building, 188, E. Rodriguez Jr. Avenue, Quezon City, Metro Manila ",+63(2)86358809,0,
Megaworld,"G/F Unit 76, Megaworld FTC, 26th Street Corner Rizal Drive, Fort Bonifacio, Taguig City, Metro Manila ",+63(2)88162768,0,
Megaworld,"4/F, Alliance Global Tower, 36th Street corner 11th Avenue, Uptown Bonifacio, Taguig City 1630 Metro Manila ",+63(02)79052800,0,
Metro Media Technology,"2nd Floor, Chase Technologies Corporation Building, 5268 Diesel Street, Palanan, Makati City 1200 Metro Manila ",+63(2)85511859,0,
Metro North,"K Center Building ,  Felix Avenue corner Kaginhawaan Street, Pasig City 1600 Metro Manila ",+63(2)86474863,0,
Metrobank Plaza,"Metrobank Plaza,  Sen. Gil J. Puyat Avenue, Barangay Urdaneta, Makati City 1200 Metro Manila ",+63(2)88700700,0,
Mgi 1120 Building,"1120 Mendiola Mgi 1120 Building, Brgy 832, City of Manila 1007  Metro Manila ",+63(2)85613934,0,
Mirasol Building Administration,"854 G Apacible, City of Manila 1000 Metro Manila ",+63(2)85212331,0,
Mlabueva Real Estate Ventures,"New Frontier, Mabolo, Cebu City 6000 Cebu ",+63(032)5132318,0,
"Mlh Property Specialists, Incorporated","Regency Crest Condominium, Paseo Saturnino Street, Ma Luisa Estate Park, Cebu City, Cebu ",+63(32)5058538,0,
Ablaza Building,"117, E. Rodriguez Sr. Avenue, Quezon City, Metro Manila ",+63(2)87117878,5,
Monolith Construction and Development Corporation,"10/F, MPIRE CENTER, 93 West Avenue, Barangay Bungad, Quezon City, Metro Manila ",+63(2)9297631,0,
Monsieur Construction,"149, J. P. Rizal Street, Barangay 1, Silang 4118 Cavite ",+63(46)5230142,0,
Montag Development,"10 Sct Chuatoco, Quezon City 1100 Metro Manila ",+63(2)83723729,0,
Montalban Town Center Leasing Corporation,"E. Rodriguez Highway, Barangay San Jose, Rodriguez 1860 Rizal ",+63(2)89482025,0,
Mozilla Community Space Manila,"Molave Building, 2231 Chino Roces Avenue, Makati City 1200 Metro Manila ",+63(905)3984499,5,Be a Pinoy Mozillian! :D Awesome place to learn.
Mt Carmel Residences i,"1402, S H Loyola Street, City of Manila, Metro Manila ",+63(2)87088951,0,
Mtr Building,"Davila Street corner Chino Roces Avenue, Barangay Sta. Cruz, Makati City 1205 Metro Manila ",,0,
My Office,"5th Floor, Builder's Centre Bldg., 170 170 Salcedo St., Legaspi Village, San Lorenzo, Makati City 1229 Metro Manila ",+63(917)8332002,0,
Natividad Building,"2308 Chino Roces Avenue, Makati City 1200 Metro Manila ",+63(2)88154705,0,
Neighborfood Park,"Portico Activity Area,  Capt. Henry Javier Street, Oranbo, Pasig City 1600 Metro Manila ",+63(917)8473936,0,
Neo Calapan,"Block 18 Lot 21,  Acacia Village, Calapan City 5200 Mindoro Oriental ",+63(2)34458993,0,
Net Cube,"3rd Avenue corner 30th Street, E-Square Zone, Crescent Park West, Taguig City 1634 Metro Manila ",+63(2)88565180,0,
Net Lima,"Net Lima, 5th Avenue  corner 26th Street, E-square Crescent Park, Bonifacio Global City, Taguig City 1634 Metro Manila ",+63(2)88569999,0,
Net One Center," E-Square Zone, Crescent Park West, 3rd Avenue corner 26th Street, Bonifacio Global City, Taguig City 1634 Metro Manila ",+63(2)88156342,0,
Net Plaza,"31st Street, E-Square Zone, Crescent Park West, Taguig City 1634 Metro Manila ",+63(2)84031941,0,
Net Quad,"4th Avenue corner 30th Street, E-Square Zone, Crescent Park West, Taguig City 1634 Metro Manila ",+63(2)88308888,0,
Net Square,"Net Square Center,  3rd Avenue corner 28th Street, Crescent Park West, Bonifacio Global City, Taguig City 1634 Metro Manila ",+63(2)88560279,0,
Victoria Arts and Theater Tower,"Timog Ave, corner GMA Network Dr, Brgy. Diliman, Quezon City 1103 Metro Manila ",+63(997)5315991,0,
No Bugs Computer Center,"1120 Vergara St, Quiapo, City of Manila 1001 Metro Manila ",+63(2)87336094,0,
Oakridge Pavilion,"Oakridge Business Park, 880 A.S. Fortuna Street, Banilad, Mandaue City 6014 Cebu ",,0,
Obico's Enterprises,"597 P. Carro Road, Los Banos 4030 Laguna ",+63(927)3309578,0,
Octagon Industrial Development,"Octagon Center Building, San Miguel Avenue, Ortigas, Pasig City 1600  Metro Manila ",+63(02)86387392,0,
Oledan Building Administration,"131 Ayala Avenue, Makati City 1200 Metro Manila ",+63(2)88101938,0,
Gold Property Ventures,"Tomas Morato Avenue, Quezon City, Metro Manila ",+63(2)7094694,0,
One Corporate Center,"One Corporate Center, Barangay San Antonio, Pasig City 1605 Metro Manila ",+63(2)3105227,0,
One Roxas Triangle Tower,"Paseo de Roxas corner Cruzada Street, Makati City 1200 Metro Manila ",+63(2)88184364,0,
Onpoint Offices,"Suite 3004, Antel Global Corporate Center,  Julia Avargas Avenue, Ortigas Center, Pasig City, Metro Manila ",+63(2)87063914,0,
Colinas Verdes,"LG/F, SM Fairview, Quirino Hi-Way Corner Regalado Street, Fairview, Quezon City 1110 Metro Manila ",+63(2)79646462,0,
"Our GlobalSpaces, Inc.","Level 5, Laureano di Trevi Tower 3, 2216, Chino Roces Avenue, Makati City 1223 Metro Manila ",+63(2)77577955,0,
P & J Building,"P & J Building, Pasig Boulevard corner E. Rodriguez Jr Avenue, Brgy Bagong Ilog, Pasig City 1605 Metro Manila ",+63(2)86710177,0,
Page 1 Building,"1215 Acacia Avenue, Madrigal Business Park, Ayala Alabang, Muntinlupa City 1770 Metro Manila ",+63(2)88075563,0,
Pascual L R And Sons ,"Consolacion Building, Quezon City 1100 Metro Manila ",+63(2)89121986,0,
Passenger Accident Management And Insurance Agency,"Jmp Building,  Aparente Avenue, General Santos City, South Cotabato ",+63(83)5520878,0,
Pami,"Unit 2402-2403, One Corporate Center,  Julia Vargas Avenue corner Merlaco Avenue, Ortigas Business District, Pasig City 1605 Metro Manila ",+63(2)86544126,0,
Pen Brothers,"100 C. Palanca Street, Legazpi Village, Makati City 1229 Metro Manila ",+63(2)88933534,5,Nice place and awesome staff as well. Good Facilities.
Perlas And Company,"6/F, Perlas Building, 646 Quezon Avenue, Quezon City 1100 Metro Manila ",+63(2)87122691,0,
Perlas Clinic,"141 4Th Avenue, Caloocan City, Metro Manila ",+63(2)83648731,0,
"Petaluma Properties, Incorporated","9th Avenue corner 28th Street, Fort Bonifacio, Taguig City 1634 Metro Manila ",+63(2)8697628,0,
Philamlife Tower,"8767 Paseo De Roxas, Makati City 1226 Metro Manila ",+63(2)88920841,0,
Philexcel Business Center,"M.A Roxas Highway, Clark Freeport Zone, Angeles City 2009 Pampanga ",+63(45)4990695,0,
Philippine Axa Life Center,"1286 Sen. Gil Puyat Avenue corner Tindalo Street, Makati City 1220 Metro Manila ",+63(2)88850101,0,
Philippine Estates Corporation,"Waterfront Hotel, Cebu City 6000 Cebu ",+63(32)2342025,0,
Philippine Estates Corporation,"Pacific Grand Villas Sub, Lapu-Lapu City, Cebu ",+63(32)4968378,0,
Philippine Estates Corporation,"Simon Ledesma Jaro, Iloilo City 5000 Iloilo ",+63(32)3296830,0,
Philippine Estates Corporation,"Magsaysay, Bacolod City, Negros Occidental ",+63(34)4339712,0,
Philippine Estates Corporation,"Avon Plaza Building,  Pres Osmena Boulevard, Cebu City, Cebu ",+63(32)2397782,0,
Philippine Estates Corporation,"Pacific Grand Villas Street, Pacific Grand Villas Ph 3, Lapu-Lapu City, Cebu ",+63(32)2666066,0,
Philippine Estates Corporation,"Estrella Building,  Simon Ledesma Street, Jaro, Iloilo City, Iloilo ",+63(33)3296830,0,
Phes,"One Corporate Center,  Julia Vargas corner Meralco Avenue, Ortigas Center, Pasig City 1600 Metro Manila ",+63(2)86368831,0,
Pinnacle Real Estate Consulting Services ,"E1, Garden Level Corinthian Plaza Building,  Paseo de Roxas cor Legazpi Street, Makati City 1226 Metro Manila ",+63(2)88591000,0,
Pioneer House,"108 Paseo de Roxas, Legaspi Village, Makati City, Metro Manila ",+63(2)88127777,0,
Plaza Garcia,"Gemsville Subd, San Fernando City 2000 Pampanga ",+63(45)9616237,0,
Premiere Fiesta Land Incorporated,"Pan - Philippine Highway, Bantug Bulalo, Cabanatuan City, Nueva Ecija ",+63(932)8620675,0,
Primary Industrial Properties Corporation,"M L Quezon Highway, Mepz 1, Lapu-Lapu City, Cebu ",+63(32)3403086,0,
Prime Corner Stone Ventures,"Malate, City of Manila, Metro Manila ",+63(2)85213871,0,
Prime Properties,"Eagle St, Ecoland, Bucana, Davao City, Davao Del Sur ",+63(82)2735088,0,
Primex Tower,"Primex Tower, Primex Tower, EDSA corner Connecticut St. Gr, Edsa, Greenhills, Greenhills, San Juan City 1502 Metro Manila ",+63(995)9439329,0,
Pre Investment ,"Prince Building, Makati City 1200 Metro Manila ",+63(2)88186438,0,
Proaccess Business Services,"1100, 88 Corporate Center,  Sedeno corner Valero Streets, Salcedo Village, Makati City 1227 Metro Manila ",+63(2)79082500,5,"I worked in a call center for a long time and I am convinced that the office space of each agent is important for them to perform well in their tasks. The office I am working at got its partitions and desks from PROACCESS BUSINESS SERVICES, INC. The partitions look good and and are durable, plus, the phones ca be strategically placed on the tables. It is spacious enough to accommodate a desktop."
Project T Solutions,"23rd Floor, Bonifacio Stopover Corporate Center, 31st Street 31st Street, Bonifacio Global City, Fort Bonifacio, Taguig City, Metro Manila ",,0,
Project T Solutions,"23/F, Bonifacio Stopover Corporate Center,  31st st. cor 2nd Ave., Taguig City 1634 Metro Manila ",+63(2)82365999,0,
Propeller Realty,"19, 3, Maj. Santos Dizon, Propeller Realty, Propeller Realty, Marikina City 1802 Metro Manila ",+63(906)0012922,0,
Propertymart.Ph,"Level 12, Robinsons Summit Center, 6783, Ayala Avenue, Bel-Air, Makati City 1226 Metro Manila ",+63(2)87360356,0,
Provident International Resources,"PIRC Building,  Ninoy Aquino Avenue corner Pascor Drive, Sucat, Paranaque City, Metro Manila ",+63(2)88545659,0,
Puyat G Building Administration Office,"Puyat Building, City of Manila, Metro Manila ",+63(2)82413443,0,
Puzon's Office Building,"E Rodriguez Sr Boulevard, Quezon City 1100 Metro Manila ",+63(2)87230001,0,
Queensland Commercial Plaza,"MacArthur Highway, San Fernando City 2000 Pampanga ",+63(45)9611876,0,
R And G Tirol Building,"831 EDSA, Quezon City 1100 Metro Manila ",+63(2)89279621,0,
Racitelcom,"Sullera Street, Pandayan, Meycauayan City 3020 Bulacan ",+63(44)2288000,0,
Ramirez C And Company,"Quezon Avenue, Quezon City 1100 Metro Manila ",+63(2)87418983,0,
Ramirez C And Company,"Ramirez Building, 483 Del Monte Avenue, Quezon City, Metro Manila ",+63(2)7094833,0,
Rcbc Plaza,"6819 Ayala Avenue corner Gil Puyat Avenue, Makati City 1200 Metro Manila ",+63(2)88874941,5,Nice building.. 
RDRDC,"RDRDC Building, General Santos Business Park, Lagao, General Santos City 9500 South Cotabato ",+63(83)5524435,0,
Rda Building Number 2 Administration,"579 EDSA, Quezon City 1100 Metro Manila ",+63(2)87230281,0,
Regina ,"324, Regina Building, 410 Escolta Street, City of Manila 1000 Metro Manila ",+63(2)82415877,0,
Regus Instant Offices Worldwide,"The Enterprise Center Tower II, 6766 Ayala Avenue Cor. Paseo De Roxas, Makati City 1226 Metro Manila ",+63(2)88493489,0,
Regus Service Center,"W Building, 28Th St Cor 11Th Ave, Brgy Fort Bonifacio, Taguig City 1634  Metro Manila ",+63(2)86897500,0,
Reliance Center,"Reliance Ctr, 99 E Rodriguez Jr Ave, Brgy Ugong, Pasig City 1604 Metro Manila ",+63(2)86670800,0,
Re/Max Premier Bgc ,"Suite 2L, Kensington Place Condominium, 1St Avenue, Taguig City 1634 Metro Manila ",+63(2)85551002,0,
Remedios Building Administration,"55 A Roces Sr Avenue, Quezon City 1100 Metro Manila ",+63(2)83723116,0,
Renadar Development ,"1360 L Guinto, City of Manila 1000 Metro Manila ",+63(2)85214145,0,
Ri-Rance Realty Corporation,"10, Ri-Rance Corporate Center 1, J. Fuentes, Aseana City, Tambo, Paranaque City 1700 Metro Manila ",+63(242)6638 loc. 02,0,
Richville Orate Tower ,"Richville Corporate Tower, 1107 Alabang-Zapote Road, Madrigal Business Park, Muntinlupa City 1780 Metro Manila ",+63(2)88078881,0,
Robinson Equitable Tower,"4, ADB Avenue, Barangay Ugong Norte, Quezon City 1110 Metro Manila ",+63(2)3952252,0,
Robinsons Cyberscape Alpha,"Sapphire And Garnet Robinsons Cyberscape Alpha, Brgy San Antonio, Pasig City 1605 Metro Manila ",+63(2)84770974,0,
Robinsons Cybergate Plaza,"Cybergate Compound,  EDSA corner Pioneer Street, Mandaluyong City 1550 Metro Manila ",+63(2)3971888,0,
Robinsons Luxuria,"Lower Level East Lane, Robinsons Galeria,  EDSA corner Ortigas Avenues, Ortigas Center, Ugong Norte, Quezon City 1100 Metro Manila ",,0,
The Rockwell Business Center,"Ortigas Avenue, Ortigas Center, Pasig City, Metro Manila ",+63(2)77930088,0,
Rockwell Primaries,"The Pavilion at Rockwell Center,  Estrella Street, Makati City 1200 Metro Manila ",+63(2)88289888,0,
The Vantage At Kapitolyo,"50 West Capitol Drive corner United Street, Barangay Kapitolyo, Pasig City 1603 Metro Manila ",+63(2)88289888,0,
"Rodel Barcelona Properties, Incorporated","Kaginhawahan Street, Pasig City, Metro Manila ",+63(2)86541911,0,
Romero Davin Realty And Services,"B13 L14  Gotesco Street, Calamba Hills Phase 1, Mayapa , Calamba City 4027 Laguna ",+63(049)5082643,0,
C.O.D Department Store,"5 Stanford Street, Cubao, Quezon City 1100 Metro Manila ",+63(2)89112413,0,
Royal Arranque Commercial Center,"1388 CM Recto Avenue corner T. Alonzo Street, Sta. Cruz, City of Manila 1000 Metro Manila ",+63(2)87355121,0,
Royal Estate Xebu,"2F/U6, Labangon Town Center, Katipunan, Labangon, Cebu City 6000 Cebu ",+63(935)3577457,0,
Royale Homes Marketing  ,"6/F & 10/F, State Center Ii Building, Ortigas Avenue, Mandaluyong City, Metro Manila ",+63(2)86616317,5,best in price and affordability!
Rubysapphire Land Corp,"2/F, KW Plaza, NIA Road, Kingswood Residences, Pasong Buaya II, Imus City 4103 Cavite ",+63(046)5737752,0,
Rufino Pacific Tower,"Rufino Pacific Tower, 6784 Ayala Avenue, Makati City 1200 Metro Manila ",+63(2)88110903,1,
S Medalla Building,"1 Gen Mc Arthur, Cubao, Quezon City 1100 Metro Manila ",+63(2)89122070,0,
Sabiñano-De Guia Building Construction,"177 , Liberty Apartment, San Antonio Avenue, Valley 1, Sucat, Paranaque City, Metro Manila ",+63(961)2528881,0,
Salcedo Sky Suites,"H.V. Dela Costa Street, Makati City, Metro Manila ",+63(917)8876223,0,
"San Antonio Condominium Builders, Incorporated","Ctc Building, 2232 Roxas Boulevard, Pasay City, Metro Manila ",+63(2)85521696,0,
San Antonio Condominium Builders ,"C P C Building, 2232 Roxas Boulevard, Pasay City 1300 Metro Manila ",+63(2)88322825,0,
San Luis Building Administration,"1006 T M Kalaw Corner Mabini Street, City of Manila 1000 Metro Manila ",+63(2)85256282,0,
Santos Knight Frank,"10/F, Ayala Tower One Exchange Plaza, Ayala Triangle, Ayala Avenue, Bel-Air, Makati City 1226 Metro Manila ",+63(2)77522580,0,
Sapat Realty Corporation,"3D, Patricia Building, 1050, EDSA, Magallanes Village, Makati City 1232 Metro Manila ",+63(2)88526325,0,
Seascape Village,"Atang Dela Rama corner Zoilo Hilario Streets, CCP Complex, Pasay City, Metro Manila ",+63(2)86409955,0,
SSSI,"304, Serate Building, 11-E, Mercado St., Poblacion, Iligan City 9200 Lanao Del Norte ",+63(63)2213257,0,
Serendra - Umg,"2/F, Serendra Piazza,  McArthur Avenue , Bonifacio Global City, Taguig City 1630 Metro Manila ",+63(2)88461345,0,
Silanganan Towers  Corporation,"Silanganan Towers, 679, Sto Cristo Street, City of Manila, Metro Manila ",+63(2)82453840,0,
Silver Tree Real Estate Corporation,"2130 Leveriza St., Brgy 38 Zone 5, Pasay City 1304 Metro Manila ",+63(2)88317606,0,
Sky 1 Tower,"68, Dasmarinas Street, Binondo, City of Manila 1010 Metro Manila ",+63(2)82456579,0,
Sky Commercial Isulan,"National Highway, Isulan, Sultan Kudarat ",+63(64)4710275,0,
Sm Development  Corporation,"Blue Residences, Katipunan Avenue, Quezon City, Metro Manila ",+63(2)82946844,0,
Sm Development  Corporation,"M Place Building, Mother Ignacia Avenue, Quezon City, Metro Manila ",+63(2)83645745,0,
Sm Development  Corporation,"SM Field Residences Tower 2, Dr A Santos Avenue, Paranaque City, Metro Manila ",+63(2)87798764,0,
Two E-Com Center,"Bayshore Avenue corner Harbor Drive, Mall of Asia Complex, Pasay City 1300 Metro Manila ",+63(916)6111249,5,great dining experience at Two E-Com Center
Sm Offices,"10F,  OneE-Com Center, Harbor Drive, Mall of Asia Complex, Pasay City, Metro Manila ",+63(2)88570100,0,
Solaris One ,"Solaris One, 130 Dela Rosa, Barangay San Lorenzo, Makati City 1229 Metro Manila ",+63(2)75013171,0,
Square B Commercial,"C2 Congressional, Brgy Ramon Magsaysay, Quezon City 1105 Metro Manila ",+63(2)79874567,0,
St Elizabeth Centre,"Valeria, Iloilo City 5000 Iloilo ",+63(33)3376014,0,
Stallworks,"AVR Building, Intramuros, City of Manila 1000 Metro Manila ",+63(2)84007797,0,
Standard Realty  Corporation,"Salcedo Mansions, 109, Tordesillas Street, Makati City, Metro Manila ",+63(2)88134510,0,
Standard Realty,"Tytana Plaza, Plaza Lorenzo Ruiz, Binondo, City of Manila 1006 Metro Manila ",+63(2)82410239,0,
Starpager,"Regina Building, City of Manila, Metro Manila ",+63(2)82416582,0,
Storeys by Lessandra Developer,"LGF, Lessandra SAPPI Sales Office, Starmall Building, Along Quirino Highway, Barangay Kaypian, San Jose Del Monte City 3023 Bulacan ",,0,
Studio F Interior Design Services,"Narra St., United Hills Village, Paranaque City, Metro Manila ",+63(2)88088308,0,
Summit Ridge Promenade,"Nasugbu Highway, Tagaytay City 4120 Cavite ",,0,
Sun Miles Condominium,"Sun Miles Condominium, Rosal Street, Brgy Uno, Calamba City 4027 Laguna ",+63(49)8343981,0,
Suntree Tower,"Suntree, 13 Meralco Avenue, Ortigas Center, San Antonio, Pasig City 1605 Metro Manila ",+63(2)82411042,0,
Sunview Palace,"1015 M.H. Del Pilar Street, Ermita, City of Manila 1000 Metro Manila ",+63(2)82471396,0,
TAG Resort - Resort and Leisure Complex,"National Highway, Sitio Dipulao, Brgy. Poblacion 6, Coron 5316 Palawan ",+63(69)0162794,0,
"Tan, Frankum & Associates","Unit 403, La O' Centre, 1000 A. Arnaiz Avenue, San Lorenzo, Makati City 1223 Metro Manila ",+63(2)85532995,0,
Tanlimco J B Y Sons Investment,"211 Dasmarinas Street, City of Manila 1000 Metro Manila ",+63(2)82413281,0,
Tao Corporate Center,"2291 Chino Roces Avenue, Makati City 1231 Metro Manila ",+63(2)88365888,0,
"Tarik Property Holdings, Incorporated","One Corporate Center Tower, Dna Julia Vargas Avenue, Pasig City, Metro Manila ",+63(2)84709158,0,
"Tarik Property Holdings, Incorporated","Galleria Regency, 1, Adb Avenue, Quezon City, Metro Manila ",+63(2)86319354,0,
"Tcl Sun, Incorporated","Zen Tri Tower, 1111 N A Lopez Street, City of Manila, Metro Manila ",+63(2)83535473,0,
"Tcl Sun, Incorporated","17A A Fernando Street, Valenzuela City, Metro Manila ",+63(2)83550177,0,
The Astbury,"2, Orion Street, Makati City 1209  Metro Manila ",+63(2)88460856,5,Perfect place for intimate events. :D
The Business Center,"Unit 2, G/F, 238 Banawe corner Panalturan Streets, Quezon City 1101  Metro Manila ",+63(2)82947878,0,
The Columns,"6821 Ayala Avenue corner Sen. Gil Puyat Avenue, Barangay Bel-Air, Makati City 1209 Metro Manila ",+63(2)79090015,0,
The Fort Strip,"3/F, The Fort Strip,  5th Avenue corner 26th Street, Bonifacio Global City, Taguig City 1634 Metro Manila ",+63(2)88885632,5,Great place to hang! So many delicious dining options too!
Fort Pointe Administration Office,"Fort Pointe Building, The Fort Strip,  28th Avenue, Bonifacio Global City, Taguig City 1634 Metro Manila ",+63(2)88841707,0,
Tgbr,"E. Rodriguez Jr., Avenue Pasig, Pasig City 1604 Metro Manila ",+63(2)85718151,0,
The Nomad Offices Philippines,"Level 40 PBCOM Tower,  6795 Ayala Ave cor VA Rufino St., Makati City, Makati City 1226 Metro Manila ",+63(2)87899000,0,
The Office Project Ph,"G/F, Alpha Salcedo Condominium,  Bautista Street, Salcedo Village, Makati City 1200 Metro Manila ",+63(2)76255968,5,It's a great place to hold meetings and seminars. Good aesthetics too.
The Oml Center,"36/F, One Corporate Center,  Julia Vargas Avenue corner Merlaco Avenue, Ortigas Business District, Pasig City 1605 Metro Manila ",+63(2)89822276,0,
The Orient Square Condominium Association,"F. Ortigas Jr. Road, Ortigas Business District, Pasig City 1605 Metro Manila ",+63(2)86364627,0,
"The Penbrothers International, Incorporated","Opl Building, 100 Don C Palanca Jr Street, Makati City, Metro Manila ",+63(2)88933534,0,
The Prestige Tower,"F. Ortigas Jr. Road, Ortigas Center, Barangay San Antonio, Pasig City 1605 Metro Manila ",+63(2)86382846,0,
The Westpark Leisure Hub,"Magsaysay Avenue, Naga City 4400 Camarines Sur ",+63(054)4783029,0,
Time Realty,"Rm. 324, Isabel Building,  F. Cayco & Extramadura Sts, City of Manila 1000 Metro Manila ",+63(2)87403105,0,
Tivoli Garden Residences Corporation,"Tivoli Gardens, 69, Coronado Street, Barangay Hulo, Mandaluyong City, Metro Manila ",+63(2)86959778,0,
Tonette Realty & Family  Corporation,"3216, Kalayaan Avenue, Makati City, Metro Manila ",+63(2)88819805,0,
Tonilyn Construction,"Natl Hwy, Ramon 3319 Isabela ",+63(78)8592087,0,
"Top Frontier Investment Holdings, Inc.","5/F Enz0 Bldg. 399 Sen.Gil Puyat Ave. , Brgy Bel-air, Makati City 1200 Metro Manila ",+63(2)86323431,0,
Topaz Realty And Development,"147, M Roxas Street, Baguio City, Benguet ",+63(74)4435959,0,
Toplite Development Corporation,"2622, P. Ocampo Street, Malate, City of Manila, Metro Manila ",+63(2)82525877,0,
Topten Global LK Properties & Consultancy Inc,"906, The Finance Centre BGC Taguig, 26th street corner 9th avenue, Taguig City, Metro Manila ",+63(2)86436228,0,
"Topten Global Lk Properties & Consultancy, Incorporated","Aic Grande Tower Condominium, Garnet Road, Pasig City, Metro Manila ",+63(2)86501140,0,
Torno Realty,"V Tiomico Street, San Fernando City, Pampanga ",+63(45)9612692,0,
Toronto Commercial,"1343 A Mendoza Manila, Brgy 319, City of Manila 1003 Metro Manila ",+63(2)83537377,0,
"Torrington Commercial Sales, Incorporated","655, Florentino Torres Street, Sta Cruz, City of Manila, Metro Manila ",+63(2)87336073,0,
Total Corporate Network,"Suite W-1903 B 19th Floor West Tower, Philippine Stock Exchange Centre,  Exchange Road, Ortigas Center, San Antonio, Pasig City 1605 Metro Manila ",+63(2)86370450,0,
Total Performance Distibution,"North Montilla Boulevard, Butuan City, Agusan Del Norte ",+63(85)8160864,0,
Tpa Industrial,"7496 Bagtikan Street, San Antonio Village, Makati City 1200 Metro Manila ",+63(2)88908052,0,
Transphil Land  Corporation,"P Ocampo Townhomes, 1218, P Ocampo Sr Street, City of Manila, Metro Manila ",+63(2)85231284,0,
"Sm Prime Holdings, Inc","TwoE-Com,  Bayshore Avenue, Mall of Asia Complex, Pasay City, Metro Manila ",+63(2)87794988,0,
Un Tourist Arcade,"450 Un Avenue, City of Manila 1000 Metro Manila ",+63(2)85212736,0,
Union Bank,"UnionBank Plaza, Meralco Avenue corner Onyx and Sapphire Roads, Ortigas Center, Pasig City 1605  Metro Manila ",+63(02)79146787,0,
Universal Tower,"1487 Quezon Universal Tower, Brgy West Triangle, Quezon City 1104 Metro Manila ",+63(2)83739091,0,
"Var Buildings, Incorporated","Rufino Var Building, 6784 Ayala Avenue, Makati City, Metro Manila ",+63(2)88101186,0,
Var Buildings,"Alcazar Building, City of Manila, Metro Manila ",+63(2)87332733,0,
Virginia Steel,"307 P. Tuazon Boulevard, Cubao, Quezon City 1109 Metro Manila ",+63(2)89110267,                            0,
Virtual Campus,"Penthouse 3, One Corporate Center,  Julia Vargas Avenue corner Merlaco Avenue, Ortigas Business District, Pasig City 1605 Metro Manila ",+63(2)79551000,                            0,
Vitug C B Building,"559 Arkansas, City of Manila 1000 Metro Manila ",+63(2)85254173,                            0,
"W Global Realty, Incorporated","W Global Center, 30Th  corner 9Th Avenue, Bonifacio Global City, Taguig City, Metro Manila ",+63(2)88080463,                            0,
"W Group, Inc","26th Floor, W Fifth Avenue Building, 5th Ave cor 32nd Street, 5th Avenue, Bonifacio Global City, Taguig City, Metro Manila ",+63(2)88563838,                            0,
Wellton Corporation,"1787 Taft Ave., Brgy 36, Pasay City 1306  Metro Manila ",+63(2)85252348,                            0,
Weremote,"2nd floor, Building C, Metrowalk Commercial Complex, Meralco Avenue, Barangay Ugong, Pasig City, Philippines 1604, Ugong, Pasig City 1604 Metro Manila ",+63(919)6233674,                            0,
Westgate Tower,"Westgate Tower,  Investment Drive, Madrigal Business Park, Ayala Alabang, Muntinlupa City 1780 Metro Manila ",+63(2)88369167,                            0,
White Marketing & Development Corporation,"Intrepid Plaza Building, Eulogio Rodriguez Jr. Avenue, Quezon City 1100 Metro Manila ",+63(2)87143573,                            1.0,
Wilbros International,"1029 Reina Regente Street, Binondo, City of Manila 1006 Metro Manila ",+63(2)82441255,                            0,
Bonbel Condominium,"1 Navy Base Ext. Road, Baguio City 2600 Benguet ",+63(74)4424902,                            0,
Workplays,"3rd Floor, C&C Building,  Aguirre Avenue, BF Homes, Paranaque City, Metro Manila ",,                            0,
Ymaz Builders,"77, M. H Del Pilar, Malabon City, Metro Manila ",+63(2)9293752,                            0,
Yuchengco Tower,"550 Q Paredes Yuchengco Tower, Brgy 289, City of Manila 1006  Metro Manila ",+63(2)82428888,                            0,
The Company Cebu It Park,"15F, HM Tower, West Geonzon Street, Lahug, Cebu City 6000 Cebu ",+63(995)1040499,                            0,
Zeta Prime Properties Philippines,"203, Joval 1 Building, 52 National Road, Putatan, Muntinlupa City 1772 Metro Manila ",+63(2)88052906,                            0,
Zuellig Building,"Makati Avenue corner Paseo de Roxas, Makati City 1200 Metro Manila ",+63(2)88187020,                            5.0,It's beautiful! Its design allows for a lot of natural light to come in. :D
Zeta Prime Properties Philippines,"203, Joval 1 Building, 52 National Road, Putatan, Muntinlupa City 1772 Metro Manila ",+63(2)88052906,                            0,
Zuellig Building,"Makati Avenue corner Paseo de Roxas, Makati City 1200 Metro Manila ",+63(2)88187020,                            5.0,It's beautiful! Its design allows for a lot of natural light to come in. :D
"Sta Lucia Realty And Development, Incorporated","State Financing Center Building , Ortigas Avenue, Mandaluyong City, Metro Manila ",+63(2)87225811,                            0,
Helen T. Wong,"1101, State Center Building, 333 Juan Luna Street, City of Manila, Metro Manila ",+63(2)72166121,                            0,
"Title Secure, Incorporated","City State Center Building, 709, Shaw Boulevard, Pasig City, Metro Manila ",+63(2)85715473,                            0,
Manila Board of Realtors,"501-Q, State Centre , 333, Juan Luna Street, Binondo, City of Manila 1002 Metro Manila ",+63(2)5616849,                            0,
Quisumbing Torres,"12/F, Net One Center, 26th Street corner 3rd Avenue, Crescent Park West, Bonifacio Global City, Taguig City 1634 Metro Manila ",+63(02)88786900,                            5.0,
Predio Asia,"Valencia Apartment, 3-B, Malanting Street, Caloocan City, Metro Manila ",+63(2)6257985,                            0,
Mlabueva Real Estate Ventures,"New Frontier, Mabolo, Cebu City 6000 Cebu ",+63(032)5132318,                            0,
Propertymart.Ph,"Level 12, Robinsons Summit Center, 6783, Ayala Avenue, Bel-Air, Makati City 1226 Metro Manila ",+63(2)87360356,                            0,
Green Circle Realty Sales,"902-B, West Tower, Philippine Stock Exchange Centre,  Exchange Road, Ortigas Center, Pasig City 1603 Metro Manila ",+63(2)89421184,                            5.0,Reliable Agents and affordable Units!
Gloria Go Pe Apartment Lessor,"1011 Apacible Street, Ermita, City of Manila, Metro Manila ",+63(2)72187771,                            0,
Cherry Mae Cadayona (Independent Real Estate Broker),"Urban Deca Homes Condominium, Tipolo, Mandaue City, Cebu ",+63(32)5181485,                            0,
Sdr Golden Hat,"V2, Emerald Green Building, CV Starr Avenue, Philam, Pamplona 2, Las Pinas City 1740 Metro Manila ",+63(2)83559389,                            5.0,
Jumeirah Realty Corporation,"8/F, MARC 2000 Tower, San Andres Street, Malate, Quezon City, Metro Manila ",+63(917)4088100,                            5.0,
"Gonzalo Gaw Hok, Incorporated","825, Reina Regente Street, Binondo, City of Manila 1000 Metro Manila ",+63(2)82442258,                            0,
Landwealth Real Estate Brokerage,"Saint Francis Condominium Building, Quezon City 1100 Metro Manila ",+63(2)89124879,                            0,
United Realty,"2127, Espana Boulevard, City of Manila, Metro Manila ",+63(2)87411932,                            0,
Eisenberg And Company,"Concorde Condominium, 200 Benavidez Street, Legaspi Village, Makati City 1229 Metro Manila ",+63(2)88920901,                            0,
"Wcy Architects, Design & Development Consultants","Unit 511, West Tower PSEC Building, Exchange Road, Ortigas Center, Pasig City, Metro Manila ",+63(2)86673949,                            5.0,"The staff of G&W ARCHITECTS really nice and very accommodating there service is good, highly recommend it to my friends."
Active Group,"12/F, ACT  Tower, 135 Sen. Gil Puyat Avenue, Salcedo Village, Makati City 1227 Metro Manila ",+63(2)88937024,                            0,
Carino Development And Management,"Unit 1407, 14/F, CDMC Office Paragon Plaza Building,  Reliance Street corner EDSA Avenue, Barangka Ilaya, Mandaluyong City 1550 Metro Manila ",+63(2)87066028,                            0,
Teomora Enterprises,"Room 205, Calvo Building, 266 Escolta Street, City of Manila 1006 Metro Manila ",+63(2)82414762,                            0,
Gedisco Group Of Companies,"4/F, Gedisco Tower, 534 Asuncion Street, Binondo, City of Manila 1010 Metro Manila ",+63(2)82426719,                            0,
Novelty Homes,"6 St. Paul Street, Perpetual Village, Taguig City 1631 Metro Manila ",+63(2)88379733,                            0,
Cpy Real Estate Movers,"16-B J. Romero Street, BF Homes Diliman, Holy Spirit, Quezon City 1128 Metro Manila ",+63(2)89520182,                            0,
Star Mark Customs Broker,"602-A, Tytana Plaza Building,  San Lorenzo Ruiz, Binondo, City of Manila 1006 Metro Manila ",+63(2)82412388,                            0,
Century 21 Of The Philippines ,"6/F, Loyola Plans Building, 849 Arnaiz Avenue, Makati City 1200 Metro Manila ",+63(2)88926081,                            0,
Electro-Systems Industries,"G/F, ENZO Building, 399 Sen. Gil Puyat Avenue, Barangay Bel-Air, Makati City 1209 Metro Manila ",+63(2)88978888,                            0,
Universal Steel,"28, Quirino Highway, Balintawak, Balon Bato, Quezon City 1106  Metro Manila ",+63(02)83632651,                            5.0,Can't ask for better quality deformed bars! Repaired my house's ancient gate in no time!
Jett Water Heater,"Main Branch - CDC/JETT Building, 67 P. Tuazon Boulevard, Cubao, Kaunlaran, Quezon City 1111 Metro Manila ",+63(2)87230032,                            5.0,"Ive been in field sales all through my career and part of my job cycle is to sleep in and out of hotels, inns, pension houses and the like to be able to accomplish my rounds in the different provinces. This will mean that 100% of the time I travel, my sanctuary is where you stay after a hard days lagare of clients. What I look for is where its quiet, homey and most especially if it has a good supply of hot water before I retire at night. Usually, those places I reside have a water heater that looks like it been there for 30 years  and malfunction any moment and most of the time it wont work at all. That is when I crashed in my cousins place in Grand Hamptons The Fort to save up on living expenses in Manila I was able to experience what a real heavy duty water heater is about, similar or even better than the ones used in classy hotels. And best of all there is no surprise cold water that would flow unexpectedly??? I???d get one if I had my own house.Read MoreRead Less"
Carpo Law And Associates,"8-B , Marajo Tower, 312, 26th Street, West Corner 4th Avenue, Bonifacio Global City, Taguig City 1634 Metro Manila ",+63(2)753171,                            0,
Alsons Insurance Brokers,"Main Branch - C.M Recto Avenue, Davao City 8000 Davao Del Sur ",+63(82)2221371,                            0,
Reliable Pest Control Services Philippines,"Suite 406, Integrated Professional Offices Building, 14, Quezon Avenue, Doña Josefa, Quezon City 1113 Metro Manila ",+63(2)75027378,                            4.0,from a not satisfied client
Euro Towers International,"Vivaldi Residences, 628 EDSA corner Aurora Boulevard, Cubao, Quezon City 1109 Metro Manila ",+63(2)83761111,                            0,
Myproperty.Ph,"32/F, BPI-Philam Life Building, 6811 Ayala Avenue, Makati City 1226 Metro Manila ",+63(2)88800650,                            1.0,
Moldex Realty,"2/F, The Grand Towers, 790 Pablo Ocampo Street near corner Taft Avenue, Malate, City of Manila 1004 Metro Manila ",+63(2)77178880,                            0,
Al-Khor Townhomes ,"201 San Luis Street, Onse, San Juan City, Metro Manila ",+63(2)343802,                            0,
Loans And Lending,"151, Quadrillion Mansion,  N. Domingo St cor. M. Paterno St, Pasadena, San Juan City, San Juan City, Metro Manila ",+63(2)85714535,                            0,
Professional Maintenance Group,"2/F , Bayani Road Building, No. 37 Bayani Road, AFPOVAI Western Bicutan, Taguig City, Metro Manila ",+63(2)88563553,                            5.0,
Besuto,"Main Branch - 1st Avenue, Barrio Bagumbayan, Taguig City 1630 Metro Manila ",+63(2)88388817,                            5.0,Prawn Crackers was best eat with hot sauce or vinegar while watching moviessss!
Manulife,"G/F, LKG Tower, 6801 Ayala Avenue, Makati City 1226 Metro Manila ",+63()8847000,                            5.0,"Now is really the time to invest! I availed of Manulife's Freedom Plus program. Next up - dollar investment! Thanks to my agent, Ms. Agnes Muceros! Kudos!"
San Miguel Corporation,"Main Branch - 40, San Miguel Avenue, Mandaluyong City, Metro Manila ",+63(2)86323162,                            4.9,famous for hotdogs and corned beef.
Tarpographics Advertising,"2 A. De Guzman Street, Concepcion Uno, Marikina City 1807 Metro Manila ",+63(2)89410716,                            0,
Topconsult ,"2/F, Golan Plaza Building, 333, Katipunan Avenue, Loyola Heights, Quezon City, Metro Manila ",+63(02)89276528,                            5.0,
Northgate Cyberzone,"FAI Administration Building,  Alabang - Zapote Road, Filinvest Corporate City, Muntinlupa City 1781 Metro Manila ",+63(02)88076729,                            0,
Crl Environmental,"Unit 609, Cityland 10 Tower 1, H.V. Dela Costa Street corner Ayala Avenue, Makati City 1200  Metro Manila ",+63(2)88133726,                            5.0,
Disston Industrial Sales,"705, Real Street, Intramuros, City of Manila 1002  Metro Manila ",+63(2)85273732,                            5.0,"For all your need in Steel Wire Rope, please do visit Disston Industrial Sales. Great service and quality in products.."
JM Construction Supply,"2431, Rizal Avenue, Sta. Cruz, City of Manila 1000  Metro Manila ",+63(2)82525840,                            0,
Fairmount Hills Subdivision,"Rm 307, Maritima Building, 117, Dasmarinas Street, City of Manila 1006  Metro Manila ",+63(2)82416186,                            0,
Dakila Trading,"613, Calderon Street, Mandaluyong City 1550  Metro Manila ",+63(2)8721073,                            4.3,"For those who are looking for a high quality Laboratory Equipment and Supplies, DAKILA TRADING CORPORATION is a must try!"
Herrera Teehankee And Cabrera Law Offices,"5/F, SGV II Building, 6758 Ayala Avenue, Barangay San Lorenzo, Makati City 1226 Metro Manila ",+63(2)88137111,                            0,
Makati Medical Center,"No. 2, Amorsolo Street, Legaspi Village, Makati City 1229  Metro Manila ",+63(02)88888999,                            4.9,very hospitable.
Philippine Alliance Umbrella Company,"Suite 1209 A & B, State Center Building, 333, Juan Luna Street, City of Manila 1006  Metro Manila ",+63(2)82421015,                            5.0,they have good quality of umbrella :)
Shimadzu Philippines,"19th Floor, Marajo Tower, 26th Street corner 4th Avenue, Bonifacio Global City, Taguig City 1643  Metro Manila ",+63(2)79551110,                            5.0,Thier are committed to provide reliable and efficient services!
Al-Pa Marble And Wood Tiles,"068-C Real Street corner Alabang-Zapote Road, Pamplona, Las Pinas City 1742 Metro Manila ",+63(2)72254157,                            5.0,Nice!
Emerald Vinyl,"24, Oliveros Drive, Balintawak, Quezon City 1106  Metro Manila ",+63(2)83616101,                            5.0,"their prices are so reasonable, friendly staff..."
First Philippine Scales,"Main Branch - R Castillo, Davao City, Davao Del Sur ",+63(82)2245633,                            0,
Golden Haven,"2/F, Golden Haven Bldg., C-5 Extension, Pulanglupa Uno, Las Pinas City 1742 Metro Manila ",+63(2)88732922,                            5.0,"Aside from their amazing customer service, the park itself is nice. It's surrounded with greens. Check out their website www.goldenhaven.com.ph"
Holy Trinity Memorial Chapels,"HTMC Building, Dr. A. Santos Avenue, Sucat Road, Paranaque City 1700 Metro Manila ",+63(2)88253083,                            4.0,
Honeycomb Builders,"2/F, Guevent Building, 52 Domingo M. Guevara Street, Mandaluyong City, Metro Manila ",+63(2)85310395,                            5.0,"Yuppies can afford to have a luxury home with best value in an urban living. I startedt to be familiar with their project when my ex-pat friend looking for a relocation,  which she can stay near to her workplace,  When she saw the place, she never think twice. affordable and finally a place where she can say. I'm home. "
Lfc,"2F, SIMKIMBAN BLDG., 9532, Taguig Street, Rizal Village, Brgy. Valenzuela, Makati City 1208 Metro Manila ",+63(2)88969532,                            0,
Philmetal Products,"Philsteel Tower, 140 Amorsolo Street, Legaspi Village, Makati City 1229 Metro Manila ",+63(2)88921279,                            5.0,May I ask for your email add. thank you.
Pioneer Life,"Pioneer House Makati, 108, Paseo De Roxas Street, Legaspi Village, Makati City 1229 Metro Manila ",+63(2)88127777,                            5.0,Got a VUL and Personal Accident Coverages from this company.
Spandex Marketing,"4/F, Mega State Building, 737, G. Araneta Avenue corner Agno Ext., Quezon City 1100 Metro Manila ",+63(2)87425101,                            5.0,"if you have requirements for machineries, equipment, materials  and services of the general manufacturing industries, petroleum and petrochemical industries and power generation, you can count on their products! Give them a call!"
ECMnetworks,"2/F, Topy's Place, 7, Industria Street, Bagumbyaan, Quezon City 1110 Metro Manila ",+63(2)79032004,                            5.0,NEW CONTACT NUMBERS+63 2 79032004
2100 Customs Brokers,"U-Warehouse Building, Paranaque City 1700 Metro Manila ",+63(2)88540404,                            0,
A And W Excavation And Plumbing Services,"279 Real Street, E. Aldana, Las Pinas City 1740 Metro Manila ",+63(2)88266151,                            0,
A. Sevilla Brokerage ,"Mercantile Insurance Building,  General Luna Street, Intramuros, City of Manila 1000 Metro Manila ",+63(2)85270672,                            0,
Abacan Customs Brokerage,"Rm. 522, FEMII  Building,  Aduana Street, Intramuros, City of Manila 1000 Metro Manila ",+63(2)85463386,                            0,
Ac Development,"La Paz Center Building, 211 Herrera corner Salcedo Streets, Legaspi Village , Makati City 1229 Metro Manila ",+63(2)88162630,                            0,
A.C. Doria-Appraisal Company,"Suite 301 - 3/F, Jovan Ofice Condominium Building, 600 Shaw Boulevard Cor. Samat Street, Highway Hills, Mandaluyong City 1550 Metro Manila ",+63(2)85332054,                            0,
Ace-Link International ,"25 Sampaguita Road, R G V Homes, Paranaque City, Metro Manila ",+63(2)88258613,                            0,
Ackerman I And Company,"Makati Stock Exchange Building, Makati City 1200 Metro Manila ",+63(2)88919071,                            0,
Active Realty And Development,"14/F, ACT Tower, 135 Sen. Gil Puyat Avenue, Salcedo Village, Makati City 1227 Metro Manila ",+63(2)88937024,                            0,
Addas Brokerage,"Marvel Building I, City of Manila, Metro Manila ",+63(2)82416470,                            0,
Advance Brokers,"Champ Building, City of Manila, Metro Manila ",+63(2)85274479,                            0,
Advance Customs Brokerage And Integrated Services,"Rm 201, Champ Building,  Port Area, Anda Circle, City of Manila 1000 Metro Manila ",+63(2)85273169,                            0,
Advance Paper,"47 Rodriguez Drive, Jordan Valley Village, Baesa, Caloocan City 1100 Metro Manila ",+63(02)83305555,                            5.0,
Ae And E's Development ,"271 EDSA, Mandaluyong City 1500 Metro Manila ",+63(2)87266493,                            0,
Aerosea Manila Express ,"Ict Building, Pasay City 1300 Metro Manila ",+63(2)88311061,                            0,
Afpmbai General Insurance ,"Col. Boni Serrano Road corner EDSA, Camp Aguinaldo, Quezon City 1100 Metro Manila ",+63(2)89118801,                            0,
Ag Bautista Customs Brokerage ,"Martinez Building, City of Manila, Metro Manila ",+63(2)82413770,                            0,
Cebuana Lhuillier,"Main Branch - P J L Corporate Center, 1782 N. Garcia corner Candelaria Street, Makati City 1200 Metro Manila ",+63(2)77283826,                            5.0,
Agj Securities ,"National Life Insurance Building, Makati City 1200 Metro Manila ",+63(2)88109414,                            0,
Agleham C P Development ,"Pyramid Building, Quezon City 1100 Metro Manila ",+63(2)89297935,                            0,
Agrotex Commodities ,"Citibank Tower, Makati City 1200 Metro Manila ",+63(2)88104664,                            0,
Ailan Realty ,"Catalina Building, Quezon City 1100 Metro Manila ",+63(2)87232234,                            0,
Amwslai,"Lot 68-B Salinas Drive, Lahug, Cebu City, Cebu ",+63(32)2333285,                            0,
Air Sea Land Customs Brokerage,"Producers Bank Building, City of Manila, Metro Manila ",+63(2)82413341,                            0,
Airoland Forwarders,"Suite 412, Noah's Ark Building,  Escolta Street, City of Manila 1000 Metro Manila ",+63(2)82415360,                            0,
Ajax Customs Brokerage Company ,"Teodorica Apartments, City of Manila, Metro Manila ",+63(2)85254615,                            0,
Al Mohr Customs Brokers,"L-6 B-2 F2b, L6b5 F2b Pacific Avenue, Sto. Nino, Paranaque City 1700 Metro Manila ",+63(2)88524417,                            0,
Al-Affi Enterprises,"Rm K, 1200 J. Bocobo Street, Auroral Plaza, Malate, City of Manila 1000 Metro Manila ",+63(2)85221484,                            0,
Alabang Commercial ,"Mse Building, Makati City 1200 Metro Manila ",+63(2)88102031,                            0,
Albert Securities ,"355 Katipunan Road, Quezon City 1100 Metro Manila ",+63(2)89291304,                            0,
Alcar Realty,"Rm 508, Richville Corporate Center, 1314 Commerce Avenue, Alabang, Muntinlupa City 1770 Metro Manila ",+63(2)88092615,                            0,
Alcco Realty ,"A L C C O Building, San Juan City 1500 Metro Manila ",+63(2)87212960,                            0,
Alecto Realty ,"1 Gen Mcarthur Avenue, Quezon City 1100 Metro Manila ",+63(2)79102070,                            0,
Alejandrino Antonio,"State Investment House, City of Manila, Metro Manila ",+63(2)82422987,                            0,
Alfonso E S Customs Brokerage,"16th Street, Port Area, City of Manila 1000 Metro Manila ",+63(2)85273959,                            0,
Alirence Customs Brokerage,"Federation Center Building,  Mulle De Binondo St Cor. Dasmarinas, City of Manila 1000 Metro Manila ",+63(2)82422393,                            0,
Allied Far East Developers ,"Federation Center Building, City of Manila, Metro Manila ",+63(2)82422298,                            0,
Allied Port Services,"Ppa-Pnr Building, City of Manila, Metro Manila ",+63(2)85274413,                            0,
Allied Sealand ,"1176 M. Naval Street, City of Manila 1000 Metro Manila ",+63(2)82829544,                            0,
All Nations Customs Services,"A C S Building, 606 Quirino Avenue, Tambo, Paranaque City 1701 Metro Manila ",+63(2)88319806,                            0,
Alma Brokerage ,"Rm. 307, Dona Anacleta Building,  Gen. Luna Cor. Beaterio Street, Intramuros, City of Manila 1000 Metro Manila ",+63(2)85272087,                            0,
Alpha Carpet Mills,"B2 L15 Real Street, Dona Eusebia Industrial Estate, Las Pinas City, Metro Manila ",+63(2)88285158,                            0,
Alpha International,"Diamond Motor Building, San Juan City 1500 Metro Manila ",+63(2)87249527,                            0,
Alpha Securities,"Philippine Stock Exchange, Makati City 1200 Metro Manila ",+63(2)88919275,                            0,
Alpha Securities ,"Pacific Star Building, Makati City 1200 Metro Manila ",+63(2)88928561,                            0,
Alphadent ,"801, State Center Building, 33 J. Luna Street, Binondo, City of Manila 1006 Metro Manila ",+63(2)82420811,                            0,
Alsons Development And Investment ,"Alsons Building, 2286 Don Chino Roces Avenue, Makati City 1200 Metro Manila ",+63(2)88175506,                            0,
Alta Brokerage ,"Mary Bachrach Building, City of Manila, Metro Manila ",+63(2)85274744,                            0,
Altair Customs Brokerage ,"Poblete Building, 3323 Matanza Corner Dayap, Makati City 1200 Metro Manila ",+63(2)88318234,                            0,
Amalgamated Development,"Multinational Bancorp Center, Makati City 1200 Metro Manila ",+63(2)88452064,                            0,
Amancio Brokerage,"610 Pepin, City of Manila 1000 Metro Manila ",+63(2)87162497,                            0,
Amargams Realty And Development,"428 Calbayog corner Kanlaon Streets, Mandaluyong City 1500 Metro Manila ",+63(2)85332443,                            0,
Amon Hilarion,"456 Real Zapote, Las Pinas City 1700 Metro Manila ",+63(2)88050014,                            0,
Amon Securities ,"Pacific Star Building, Makati City 1200 Metro Manila ",+63(2)88115644,                            0,
Ancheta Rl Customs Brokerage,"Blk 18 Lot 4, Las Pinas City 1700 Metro Manila ",+63(2)88012480,                            0,
Andal R.P. Realty,"Cattleya Condominium,  Salcedo Street, Makati City 1200 Metro Manila ",+63(2)88180871,                            0,
Angeles Electric Company ,"State Financing Center Building,  Ortigas Avenue, Mandaluyong City 1550 Metro Manila ",+63(2)87210414,                            0,
Angelina T Lampa Customs Brokerage,"Eba Building, City of Manila, Metro Manila ",+63(2)82430722,                            0,
Angping And Associates Securities,"Cacho-Gonzales Building, Makati City 1200 Metro Manila ",+63(2)88178874,                            0,
Ansaldo Godinez & Company,"340, E. T. Yuchengco Street, Binondo, City of Manila 1000  Metro Manila ",+63(2)82425127,                            0,
Anscor Hagedorn Securities ,"City of Manila, Metro Manila ",+63(2)88172713,                            0,
"Sta Lucia Realty And Development, Incorporated","State Financing Center Building , Ortigas Avenue, Mandaluyong City, Metro Manila ",+63(2)87225811,                            0,
Helen T. Wong,"1101, State Center Building, 333 Juan Luna Street, City of Manila, Metro Manila ",+63(2)72166121,                            0,
"Title Secure, Incorporated","City State Center Building, 709, Shaw Boulevard, Pasig City, Metro Manila ",+63(2)85715473,                            0,
Manila Board of Realtors,"501-Q, State Centre , 333, Juan Luna Street, Binondo, City of Manila 1002 Metro Manila ",+63(2)5616849,                            0,
Quisumbing Torres,"12/F, Net One Center, 26th Street corner 3rd Avenue, Crescent Park West, Bonifacio Global City, Taguig City 1634 Metro Manila ",+63(02)88786900,                            5.0,
Predio Asia,"Valencia Apartment, 3-B, Malanting Street, Caloocan City, Metro Manila ",+63(2)6257985,                            0,
Mlabueva Real Estate Ventures,"New Frontier, Mabolo, Cebu City 6000 Cebu ",+63(032)5132318,                            0,
Propertymart.Ph,"Level 12, Robinsons Summit Center, 6783, Ayala Avenue, Bel-Air, Makati City 1226 Metro Manila ",+63(2)87360356,                            0,
Green Circle Realty Sales,"902-B, West Tower, Philippine Stock Exchange Centre,  Exchange Road, Ortigas Center, Pasig City 1603 Metro Manila ",+63(2)89421184,                            5.0,Reliable Agents and affordable Units!
Gloria Go Pe Apartment Lessor,"1011 Apacible Street, Ermita, City of Manila, Metro Manila ",+63(2)72187771,                            0,
Cherry Mae Cadayona (Independent Real Estate Broker),"Urban Deca Homes Condominium, Tipolo, Mandaue City, Cebu ",+63(32)5181485,                            0,
Sdr Golden Hat,"V2, Emerald Green Building, CV Starr Avenue, Philam, Pamplona 2, Las Pinas City 1740 Metro Manila ",+63(2)83559389,                            5.0,
Jumeirah Realty Corporation,"8/F, MARC 2000 Tower, San Andres Street, Malate, Quezon City, Metro Manila ",+63(917)4088100,                            5.0,
"Gonzalo Gaw Hok, Incorporated","825, Reina Regente Street, Binondo, City of Manila 1000 Metro Manila ",+63(2)82442258,                            0,
Landwealth Real Estate Brokerage,"Saint Francis Condominium Building, Quezon City 1100 Metro Manila ",+63(2)89124879,                            0,
